87001002030,Selena
87077077077,Ruby
87787878778,Rob
87477474774,Shelly
87011077010,Henry
87770292727,Daryn
87076583547,Daryn2
87771451245,Mike
87956465447,John
87747547467,Henry
87774121445,Denis
87745465455,Bob
87714521452,Len
87471452144,Den
87764578758,Ken
87778785478,Drey
87741454165,Hickey
87075487445,Nana
87074145422,LIX
87074587457,Kaizer
87747414521,Lorenzo
87770295478,Alla
87745478454,Isagi
87475478564,Bachira
87754577844,Aliar
87770245784,Daria
87745457541,Danial
87074468499,Adilet
87075454775,Arsen
87474578454,Era
87478478454,Ela